_key,_from,_to
1,people/27546319,people/16553392
37,people/27546319,people/17242884
64,people/27546319,people/17268874
82,people/27546319,people/411681876
102,people/27546319,people/247943631
131,people/27546319,people/16112517
154,people/765548,people/14109167
174,people/765548,people/78729443
193,people/78729443,people/359650922
219,people/146365761,people/10414152
237,people/146365761,people/59773247
256,people/146365761,people/179797676
275,people/146365761,people/86640232
302,people/14875983,people/6490642
333,people/14875983,people/43593
354,people/24228154,people/13074042
378,people/24228154,people/86640232
402,people/59773247,people/765548
425,people/6490642,people/765548
454,people/555102816,people/24228154
473,people/555102816,people/359650922
507,people/555102816,people/247943631
527,people/12377822,people/10471882
564,people/12377822,people/1366811
591,people/347276428,people/6490642
627,people/347276428,people/57191565
666,people/19301681,people/1652270612
694,people/19301681,people/43593
709,people/18115856,people/1366811
729,people/18115856,people/40219508
749,people/219160436,people/96831443
761,people/219160436,people/1314101
783,people/219160436,people/17268874
797,people/219160436,people/370227242
822,people/57191565,people/1366811
859,people/25151614,people/17268874
882,people/25151614,people/57191565
909,people/25151614,people/179797676
944,people/1710706561,people/43593
964,people/13074042,people/2167059661
991,people/1022369413461291008,people/620010629
1029,people/1022369413461291008,people/534166347
1049,people/1022369413461291008,people/14875983
1082,people/19411223,people/555102816
1114,people/19411223,people/17461965
1141,people/5685812,people/2167059661
1167,people/119704541,people/36853217
1188,people/119704541,people/347276428
1224,people/119704541,people/16112517
1245,people/85340453,people/17242884
1267,people/85340453,people/2167059661
1304,people/261363584,people/1873322353
1333,people/261363584,people/86640232
1363,people/261363584,people/14109167
1402,people/1314101,people/12377822
1422,people/1314101,people/14249829
1444,people/1314101,people/465929514
1473,people/1314101,people/1366811
1500,people/1314101,people/17268874
1536,people/4071761,people/359650922
1569,people/4071761,people/57191565
1587,people/17461965,people/555102816
1618,people/17461965,people/1387915232
1641,people/17461965,people/179797676
1669,people/17461965,people/752673
1692,people/16112517,people/395853499
1723,people/16112517,people/9527212
1743,people/16112517,people/1873322353
1769,people/16112517,people/247943631
1799,people/16112517,people/1314101
1823,people/16112517,people/43593
1851,people/16112517,people/18704160
1868,people/1652270612,people/24228154
1899,people/1652270612,people/36853217
1930,people/1652270612,people/1387915232
1957,people/1652270612,people/19920203
1984,people/1652270612,people/347276428
1999,people/1652270612,people/370227242
2012,people/1652270612,people/247943631
2027,people/179797676,people/1489761876
2041,people/179797676,people/10414152
2053,people/179797676,people/18704160
2063,people/179797676,people/16557883
2078,people/370227242,people/14249829
2095,people/370227242,people/17519986
2115,people/370227242,people/1652270612
2135,people/370227242,people/1489761876
2154,people/370227242,people/17268874
2182,people/247943631,people/883747950085656577
2210,people/247943631,people/18325271
2240,people/247943631,people/370227242
2255,people/247943631,people/1652270612
2269,people/247943631,people/81658145
2299,people/247943631,people/82713840
2321,people/247943631,people/4071761
2341,people/43593,people/4597853354
2361,people/17268874,people/19299318
2376,people/17268874,people/1556132462
2395,people/17268874,people/82713840
2408,people/17268874,people/78729443
2436,people/17268874,people/86640232
2476,people/188046229,people/534166347
2524,people/188046229,people/14113734
2556,people/188046229,people/209155608
2586,people/188046229,people/268350241
2600,people/188046229,people/96831443
2622,people/188046229,people/190564700
2634,people/188046229,people/19299318
2652,people/82713840,people/2470709743
2669,people/82713840,people/411681876
2686,people/82713840,people/17406425
2704,people/82713840,people/86640232
2721,people/82713840,people/17519986
2743,people/883747950085656577,people/219160436
2756,people/883747950085656577,people/44195788
2775,people/883747950085656577,people/209155608
2798,people/883747950085656577,people/1366811
2818,people/883747950085656577,people/43953969
2848,people/137712607,people/395853499
2867,people/137712607,people/18704160
2891,people/137712607,people/465929514
2928,people/137712607,people/4071761
2947,people/1873322353,people/43953969
2976,people/1873322353,people/96831443
3008,people/1873322353,people/82890309
3027,people/1873322353,people/188046229
3045,people/1873322353,people/4071761
3063,people/1873322353,people/17519986
3086,people/1873322353,people/16112517
3108,people/81658145,people/1086037534176473088
3154,people/81658145,people/883747950085656577
3197,people/81658145,people/78729443
3225,people/81658145,people/1489761876
3258,people/81658145,people/208579168
3283,people/81658145,people/16017475
3301,people/81658145,people/190564700
3319,people/81658145,people/16553392
3340,people/14249829,people/883747950085656577
3363,people/14249829,people/1489761876
3384,people/14249829,people/582282558
3401,people/14249829,people/209155608
3421,people/15463062,people/1652270612
3445,people/15463062,people/86640232
3480,people/1489761876,people/57191565
3540,people/1489761876,people/14109167
3569,people/1489761876,people/359650922
3592,people/1489761876,people/10414152
3609,people/1489761876,people/1652270612
3622,people/1489761876,people/2511400400
3645,people/1489761876,people/16112517
3669,people/201277609,people/1556132462
3707,people/201277609,people/19301681
3736,people/201277609,people/81658145
3775,people/201277609,people/86640232
3810,people/201277609,people/14113734
3826,people/201277609,people/43593
3840,people/201277609,people/1684160599
3854,people/201277609,people/19299318
3867,people/2511400400,people/1387915232
3884,people/2511400400,people/18325271
3900,people/2511400400,people/359650922
3913,people/2511400400,people/82713840
3928,people/44195788,people/1004751018528141313
3959,people/44195788,people/59773247
3981,people/44195788,people/18325271
3993,people/44195788,people/10471882
4017,people/44195788,people/24228154
4032,people/44195788,people/359650922
4046,people/44195788,people/14113734
4086,people/10471882,people/17242884
4121,people/10471882,people/201277609
4149,people/10471882,people/19301681
4186,people/10471882,people/1489761876
4202,people/10471882,people/14249829
4225,people/10471882,people/465929514
4243,people/10471882,people/14148549
4263,people/1366811,people/208579168
4296,people/1366811,people/96831443
4318,people/1366811,people/1652270612
4334,people/1366811,people/82713840
4359,people/1366811,people/465929514
4394,people/1366811,people/36853217
4424,people/16553392,people/1489761876
4447,people/16553392,people/209155608
4464,people/16553392,people/17242884
4479,people/16553392,people/1652270612
4499,people/16553392,people/98303566
4524,people/16553392,people/44195788
4542,people/16553392,people/15463062
4558,people/2470709743,people/14898705
4580,people/2470709743,people/19299318
4591,people/2470709743,people/179797676
4605,people/2470709743,people/247943631
4627,people/596332489,people/214764129
4657,people/596332489,people/10414152
4670,people/596332489,people/411681876
4685,people/596332489,people/81658145
4709,people/395853499,people/17242884
4734,people/395853499,people/78729443
4762,people/395853499,people/14249829
4785,people/395853499,people/137712607
4805,people/395853499,people/86640232
4819,people/395853499,people/16557883
4834,people/885107802,people/17519986
4849,people/885107802,people/43953969
4878,people/9527212,people/883747950085656577
4920,people/9527212,people/12377822
4938,people/9527212,people/411681876
4952,people/9527212,people/1556132462
4971,people/9527212,people/17406425
4995,people/9527212,people/465929514
5019,people/9527212,people/247943631
5056,people/10414152,people/40219508
5090,people/10414152,people/82890309
5107,people/10414152,people/188046229
5135,people/10414152,people/18325271
5155,people/10414152,people/219160436
5181,people/10414152,people/43593
5198,people/10414152,people/17406425
5223,people/18704160,people/10471882
5236,people/18704160,people/2511400400
5255,people/18704160,people/201277609
5276,people/18704160,people/52341962
5292,people/18704160,people/17519986
5304,people/18704160,people/16112517
5332,people/52341962,people/1873322353
5355,people/52341962,people/945943164
5378,people/52341962,people/242904917
5396,people/52341962,people/36853217
5415,people/16557883,people/82890309
5440,people/16557883,people/1387915232
5473,people/16557883,people/10414152
5486,people/16557883,people/370227242
5501,people/16557883,people/359650922
5519,people/16557883,people/268350241
5544,people/14109167,people/1556132462
5569,people/14109167,people/1652270612
5596,people/14109167,people/34255829
5619,people/208579168,people/534166347
5635,people/208579168,people/9527212
5646,people/208579168,people/188046229
5662,people/214764129,people/1366811
5680,people/214764129,people/883747950085656577
5703,people/214764129,people/81658145
5718,people/214764129,people/188046229
5733,people/214764129,people/17268874
5760,people/465929514,people/25151614
5783,people/465929514,people/16112517
5801,people/1004751018528141313,people/17519986
5818,people/1004751018528141313,people/247943631
5846,people/1004751018528141313,people/14109167
5857,people/1004751018528141313,people/18704160
5876,people/1004751018528141313,people/214764129
5892,people/1004751018528141313,people/1489761876
5907,people/1684160599,people/14898705
5925,people/1684160599,people/14249829
5940,people/1684160599,people/201277609
5953,people/1684160599,people/17519986
5969,people/96831443,people/82890309
5992,people/96831443,people/885107802
6006,people/96831443,people/86640232
6022,people/96831443,people/17519986
6038,people/96831443,people/17268874
6070,people/14898705,people/82890309
6101,people/14898705,people/43953969
6124,people/14898705,people/19411223
6142,people/14898705,people/14249829
6163,people/14898705,people/19299318
6183,people/14898705,people/43593
6207,people/14898705,people/765548
6224,people/209155608,people/17242884
6258,people/209155608,people/1684160599
6304,people/209155608,people/2470709743
6328,people/209155608,people/945943164
6349,people/209155608,people/1387915232
6376,people/209155608,people/4071761
6397,people/209155608,people/17519986
6420,people/209155608,people/19920203
6434,people/17242884,people/1022369413461291008
6452,people/17242884,people/395853499
6475,people/17242884,people/6490642
6516,people/17242884,people/555102816
6547,people/17242884,people/14109167
6577,people/17242884,people/86640232
6613,people/14113734,people/209155608
6631,people/14113734,people/17406425
6652,people/14113734,people/52341962
6674,people/14113734,people/44195788
6695,people/268350241,people/43593
6712,people/268350241,people/16553392
6728,people/268350241,people/208579168
6755,people/981786802666328064,people/190564700
6772,people/981786802666328064,people/14898705
6786,people/981786802666328064,people/247943631
6807,people/620010629,people/14113734
6826,people/620010629,people/2511400400
6842,people/620010629,people/17519986
6865,people/82890309,people/16553392
6884,people/82890309,people/883747950085656577
6912,people/82890309,people/214764129
6932,people/82890309,people/10414152
6948,people/82890309,people/945943164
6963,people/82890309,people/247943631
6990,people/36853217,people/209155608
7015,people/36853217,people/10471882
7048,people/36853217,people/10414152
7067,people/36853217,people/9527212
7101,people/36853217,people/137712607
7118,people/36853217,people/19299318
7142,people/14148549,people/82890309
7169,people/14148549,people/620010629
7191,people/14148549,people/59773247
7210,people/14148549,people/1873322353
7234,people/14148549,people/395853499
7251,people/14148549,people/119704541
7270,people/14148549,people/16553392
7303,people/18325271,people/19301681
7323,people/18325271,people/1556132462
7344,people/18325271,people/4597853354
7360,people/18325271,people/219160436
7376,people/18325271,people/16557883
7388,people/18325271,people/14249829
7421,people/17406425,people/620010629
7447,people/17406425,people/945943164
7471,people/17406425,people/1366811
7489,people/242904917,people/82890309
7528,people/242904917,people/146365761
7565,people/242904917,people/59773247
7601,people/242904917,people/82713840
7624,people/242904917,people/14875983
7644,people/242904917,people/52341962
7664,people/242904917,people/16112517
7686,people/86640232,people/4071761
